student_id,name,email,midterm,final,project,weighted_total,w1_sessions,w2_sessions,w3_sessions,w4_sessions,weeks_recorded,weeks_unknown,sessions_total_known,recommended_for_review,review_rank,tie_at_cutoff,needs_human_review,review_reasons
04553331,Felix Fu,felix.fu@outlook.com,59.0,65.0,67.0,63.6,1,2,0,0,4.0,0.0,3,False,95.0,False,False,
04770215,Xenia Tse,xenia.tse@outlook.com,67.0,89.0,59.0,76.4,1,,,1,2.0,2.0,2,False,32.0,False,True,post_cutoff_engagement;possible_unmerged_short_id_engagement
10278833,Grace Pang,grace.pang@yahoo.com,42.0,42.0,59.0,45.4,0,2,1,2,4.0,0.0,5,False,151.0,False,False,
10287235,Marcus Cheung,marcus.cheung@outlook.com,46.0,42.0,98.0,54.4,1,2,1,1,4.0,0.0,5,False,126.0,False,False,
10398551,Ivan Sit,ivan.sit@gmail.com,91.0,82.0,90.0,86.3,2,2,2,2,4.0,0.0,8,True,8.0,False,True,engagement_conflict
10833913,Queenie Tse,queenie.tse@outlook.com,90.0,91.0,73.0,87.1,2,2,2,0,4.0,0.0,6,True,7.0,False,True,engagement_conflict;same_timestamp_conflict
11589711,Felix Ng,felix.ng@yahoo.com,42.0,78.0,84.0,68.4,0,2,2,2,4.0,0.0,6,False,74.0,False,False,
11616494,Uma Lee,uma.lee@gmail.com,89.0,63.0,60.0,70.2,2,0,2,1,4.0,0.0,5,False,60.0,False,False,
11622026,Wendy So,wendy.so@hkbu.edu.hk,74.0,43.0,72.0,58.1,1,0,2,1,4.0,0.0,4,False,114.0,False,False,
11829965,Ursula Chow,ursula.chow@yahoo.com,67.0,44.0,48.0,51.7,1,2,1,1,4.0,0.0,5,False,134.0,False,False,
12088214,Fiona Ho,fiona.ho@gmail.com,64.0,36.0,42.0,45.6,1,2,2,2,4.0,0.0,7,False,149.0,False,False,
12943907,Grace Luk,grace.luk@gmail.com,58.0,79.0,80.0,72.9,0,2,1,0,4.0,0.0,3,False,50.0,False,False,
14037118,Gary Lee,gary.lee@hkbu.edu.hk,37.0,34.0,81.0,44.3,2,2,1,1,4.0,0.0,6,False,154.0,False,False,
15476316,Oscar Pang,oscar.pang@yahoo.com,41.0,93.0,76.0,74.0,0,2,1,1,4.0,0.0,4,False,44.0,False,False,
15987238,Kenneth Chan,kenneth.chan@yahoo.com,80.0,67.0,78.0,73.1,0,0,0,0,4.0,0.0,0,False,49.0,False,False,
16715597,Yuki Chan,yuki.chan@gmail.com,50.0,63.0,71.0,60.7,2,0,2,2,4.0,0.0,6,False,108.0,False,False,
16816512,Victor Pang,victor.pang@yahoo.com,74.0,94.0,47.0,78.6,1,1,2,2,4.0,0.0,6,False,25.0,False,True,post_cutoff_engagement
17947782,Betty Wong,betty.wong@outlook.com,56.0,64.0,92.0,67.2,1,1,2,1,4.0,0.0,5,False,78.0,False,False,
17979381,Oscar Hui,oscar.hui@yahoo.com,90.0,85.0,65.0,82.5,2,1,1,1,4.0,0.0,5,False,17.0,False,True,near_recommendation_boundary
18421581,Uma Yip,uma.yip@hkbu.edu.hk,61.0,55.0,40.0,53.8,1,1,1,0,4.0,0.0,3,False,129.0,False,False,
18510296,Alvin Choi,alvin.choi@outlook.com,71.0,31.0,79.0,52.6,0,0,0,0,4.0,0.0,0,False,131.0,False,False,
19212221,Hazel Pang,hazel.pang@outlook.com,71.0,45.0,85.0,60.8,2,1,2,1,4.0,0.0,6,False,107.0,False,True,score_conflict
19800330,Fiona Sit,fiona.sit@hkbu.edu.hk,36.0,83.0,77.0,67.7,2,1,1,1,4.0,0.0,5,False,76.0,False,False,
19949173,Daniel Yip,daniel.yip@gmail.com,94.0,92.0,94.0,93.0,2,2,2,2,4.0,0.0,8,True,1.0,False,True,engagement_conflict;same_timestamp_conflict
20308195,Daniel Chow,daniel.chow@yahoo.com,86.0,87.0,100.0,89.3,0,0,0,0,4.0,0.0,0,True,5.0,False,False,
21664664,Alvin Cheung,alvin.cheung@gmail.com,63.0,41.0,93.0,58.0,1,2,2,2,4.0,0.0,7,False,115.0,False,False,
21782591,Mona Cheung,mona.cheung@hkbu.edu.hk,58.0,43.0,67.0,52.3,2,1,2,1,4.0,0.0,6,False,132.0,False,False,
23880001,Nathan Sit,withdrawn01@example.com,,,,,,,,,,,,False,,,True,profile_only_no_records
23880002,Wendy Lee,withdrawn02@example.com,,,,,,,,,,,,False,,,True,profile_only_no_records
23880003,Olivia Pang,withdrawn03@example.com,,,,,,,,,,,,False,,,True,profile_only_no_records
23880004,Yvonne Ho,withdrawn04@example.com,,,,,,,,,,,,False,,,True,profile_only_no_records
23880005,Xavier Sit,withdrawn05@example.com,,,,,,,,,,,,False,,,True,profile_only_no_records
23880006,Natalie Leung,withdrawn06@example.com,,,,,,,,,,,,False,,,True,profile_only_no_records
23990001,,,,,,,1,1,1,,3.0,1.0,3,False,,,True,missing_profile
23990002,,,,,,,0,0,0,,3.0,1.0,0,False,,,True,missing_profile
24855469,Iris Yau,iris.yau@outlook.com,53.0,79.0,80.0,71.4,2,2,2,1,4.0,0.0,7,False,57.0,False,False,
25515684,Grace Sit,grace.sit@hkbu.edu.hk,37.0,96.0,51.0,69.3,0,0,2,1,4.0,0.0,3,False,66.0,False,False,
25556942,Sally Leung,sally.leung@outlook.com,35.0,90.0,91.0,73.7,2,2,2,2,4.0,0.0,8,False,46.0,False,False,
27136102,Victor Tam,victor.tam@gmail.com,94.0,35.0,52.0,56.1,1,1,1,0,4.0,0.0,3,False,119.0,False,False,
27225353,Peggy Kwok,peggy.kwok@yahoo.com,75.0,56.0,71.0,64.7,1,1,1,0,4.0,0.0,3,False,92.0,False,False,
27862666,Karen Choi,karen.choi@gmail.com,45.0,84.0,79.0,71.3,1,2,2,2,4.0,0.0,7,False,58.0,False,False,
27902964,Marcus Leung,marcus.leung@hkbu.edu.hk,73.0,31.0,59.0,49.2,2,1,2,1,4.0,0.0,6,False,142.0,False,False,
29194481,Aaron Lam,aaron.lam@hkbu.edu.hk,82.0,80.0,67.0,78.0,0,0,0,0,4.0,0.0,0,False,27.0,False,False,
29964670,Belinda So,belinda.so@yahoo.com,88.0,37.0,77.0,60.3,2,1,2,0,4.0,0.0,5,False,110.0,False,False,
30026969,Iris Wong,iris.wong@gmail.com,89.0,97.0,74.0,90.0,,,,,,,,True,4.0,False,False,
30831468,Kenneth Hui,kenneth.hui@yahoo.com,82.0,45.0,44.0,55.9,2,0,2,2,4.0,0.0,6,False,121.0,False,False,
31767877,Winston Fung,winston.fung@hkbu.edu.hk,40.0,74.0,49.0,58.8,1,1,1,0,4.0,0.0,3,False,111.0,False,False,
32068497,Nathan Tsang,nathan.tsang@hkbu.edu.hk,79.0,54.0,62.0,63.1,1,2,2,1,4.0,0.0,6,False,100.0,False,True,score_conflict
32083061,Elena Tam,elena.tam@yahoo.com,62.0,31.0,68.0,47.7,2,1,1,1,4.0,0.0,5,False,147.0,False,False,
32179351,Felix Ho,felix.ho@gmail.com,92.0,75.0,69.0,78.9,1,1,1,1,4.0,0.0,4,False,23.0,False,True,post_cutoff_engagement
32371039,Betty So,betty.so@hkbu.edu.hk,42.0,82.0,78.0,69.2,2,1,2,2,4.0,0.0,7,False,67.0,False,False,
32470131,Iris Mak,iris.mak@hkbu.edu.hk,79.0,82.0,65.0,77.7,2,2,2,2,4.0,0.0,8,False,30.0,False,True,post_cutoff_engagement
32686366,Ursula Mak,ursula.mak@outlook.com,41.0,31.0,47.0,37.2,0,2,1,1,4.0,0.0,4,False,158.0,False,False,
32917636,Xenia Luk,xenia.luk@gmail.com,79.0,94.0,54.0,81.5,1,1,0,2,4.0,0.0,4,False,20.0,False,False,
32987398,Karen Chan,karen.chan@outlook.com,42.0,91.0,99.0,77.9,2,2,2,2,4.0,0.0,8,False,28.0,False,True,post_cutoff_engagement
33634232,Chloe Lee,chloe.lee@gmail.com,64.0,51.0,95.0,63.7,2,2,2,2,4.0,0.0,8,False,94.0,False,False,
34340333,Nathan Chow,nathan.chow@hkbu.edu.hk,89.0,74.0,59.0,75.5,2,1,2,1,4.0,0.0,6,False,35.0,False,True,post_cutoff_engagement
36501251,Fiona Ng,fiona.ng@outlook.com,81.0,57.0,82.0,69.2,0,1,2,,3.0,1.0,3,False,68.0,False,True,post_cutoff_engagement
36639446,Peggy Lee,peggy.lee@hkbu.edu.hk,56.0,94.0,50.0,73.8,1,2,0,2,4.0,0.0,5,False,45.0,False,False,
37560471,Hazel So,hazel.so@yahoo.com,90.0,88.0,63.0,83.6,2,0,2,2,4.0,0.0,6,True,13.0,False,True,engagement_conflict;same_timestamp_conflict;near_recommendation_boundary
37859286,Jasmine Ng,jasmine.ng@hkbu.edu.hk,62.0,47.0,77.0,57.5,0,0,2,2,4.0,0.0,4,False,117.0,False,False,
38194753,Karen Kwok,karen.kwok@outlook.com,43.0,98.0,71.0,76.1,2,1,2,1,4.0,0.0,6,False,34.0,False,True,post_cutoff_engagement
38730680,Uma Wong,uma.wong@gmail.com,45.0,45.0,64.0,48.8,0,0,0,0,4.0,0.0,0,False,144.0,False,False,
39316784,Laura Pang,laura.pang@hkbu.edu.hk,46.0,32.0,67.0,43.2,2,2,1,1,4.0,0.0,6,False,155.0,False,False,
39369847,Sally Chan,sally.chan@gmail.com,55.0,77.0,50.0,65.0,1,2,,,2.0,2.0,3,False,89.0,False,False,
40157925,Daniel Ko,daniel.ko@gmail.com,39.0,68.0,83.0,62.3,1,1,1,1,4.0,0.0,4,False,104.0,False,False,
41276721,Raymond Fung,raymond.fung@outlook.com,79.0,42.0,42.0,53.1,0,2,1,2,4.0,0.0,5,False,130.0,False,False,
42059446,Elena Pang,elena.pang@outlook.com,83.0,89.0,71.0,83.6,1,2,2,1,4.0,0.0,6,True,14.0,False,True,engagement_conflict;near_recommendation_boundary
42276139,Yuki Tse,yuki.tse@outlook.com,55.0,59.0,95.0,65.0,1,0,2,2,4.0,0.0,5,False,90.0,False,False,
43033616,Tom Yip,tom.yip@outlook.com,39.0,93.0,81.0,74.4,1,2,1,1,4.0,0.0,5,False,39.0,False,False,
44285581,Marcus Luk,marcus.luk@outlook.com,80.0,62.0,89.0,72.8,1,2,1,1,4.0,0.0,5,False,51.0,False,False,
45710390,Xavier Choi,xavier.choi@gmail.com,87.0,86.0,98.0,88.7,2,2,2,1,4.0,0.0,7,True,6.0,False,True,engagement_conflict
45778904,Ryan Yuen,ryan.yuen@outlook.com,78.0,45.0,97.0,65.3,1,2,0,2,4.0,0.0,5,False,87.0,False,False,
47222037,Alvin Tse,alvin.tse@yahoo.com,73.0,33.0,63.0,51.0,,,,,,,,False,138.0,False,False,
47792143,Betty Chan,betty.chan@gmail.com,64.0,88.0,81.0,79.4,1,1,2,1,4.0,0.0,5,False,22.0,False,True,post_cutoff_engagement
48322271,Queenie Mak,queenie.mak@hkbu.edu.hk,65.0,78.0,78.0,74.1,1,2,2,1,4.0,0.0,6,False,42.0,False,False,
48551508,Karen Ko,karen.ko@hkbu.edu.hk,67.0,55.0,79.0,63.4,0,2,2,2,4.0,0.0,6,False,97.0,False,False,
48628200,Felix Tse,felix.tse@gmail.com,42.0,34.0,59.0,41.4,0,0,0,0,4.0,0.0,0,False,156.0,False,False,
48702037,Nathan Ko,nathan.ko@gmail.com,73.0,55.0,47.0,58.8,0,0,1,1,4.0,0.0,2,False,112.0,False,False,
48833471,Kenneth Mak,kenneth.mak@yahoo.com,63.0,82.0,44.0,68.7,,,0,,1.0,3.0,0,False,72.0,False,False,
49422007,Marcus Fung,marcus.fung@outlook.com,91.0,59.0,57.0,68.2,1,2,1,1,4.0,0.0,5,False,75.0,False,False,
49971191,Edwin Lee,edwin.lee@yahoo.com,70.0,71.0,65.0,69.5,0,0,0,0,4.0,0.0,0,False,65.0,False,False,
50426379,Winston Choi,winston.choi@hkbu.edu.hk,80.0,53.0,62.0,62.9,2,2,1,1,4.0,0.0,6,False,102.0,False,False,
50968345,Raymond Kwok,raymond.kwok@yahoo.com,82.0,44.0,99.0,66.4,0,0,0,0,4.0,0.0,0,False,83.0,False,False,
51583008,Hugo Yau,hugo.yau@hkbu.edu.hk,44.0,36.0,100.0,51.2,1,2,1,0,4.0,0.0,4,False,137.0,False,False,
51855024,Fiona Yau,fiona.yau@yahoo.com,62.0,49.0,73.0,57.7,0,0,0,0,4.0,0.0,0,False,116.0,False,False,
52269071,Jason Tse,jason.tse@hkbu.edu.hk,93.0,75.0,96.0,84.6,,2,,,1.0,3.0,2,True,12.0,False,False,
52281345,Kenneth Sit,kenneth.sit@outlook.com,42.0,79.0,67.0,65.5,0,2,1,1,4.0,0.0,4,False,85.0,False,False,
53058319,Betty Chow,betty.chow@hkbu.edu.hk,95.0,63.0,48.0,69.6,1,0,0,1,4.0,0.0,2,False,64.0,False,False,
53121425,Tom Lee,tom.lee@yahoo.com,66.0,51.0,52.0,55.7,2,1,0,2,4.0,0.0,5,False,122.0,False,False,
53459645,Belinda Kwok,belinda.kwok@hkbu.edu.hk,59.0,39.0,55.0,48.2,2,2,0,2,4.0,0.0,6,False,145.0,False,False,
54542094,Edwin Fu,edwin.fu@gmail.com,60.0,43.0,94.0,58.3,1,2,2,2,4.0,0.0,7,False,113.0,False,False,
54622090,Laura Tam,laura.tam@yahoo.com,70.0,95.0,84.0,85.3,2,0,0,2,4.0,0.0,4,True,11.0,False,False,
54763817,Patrick Kwok,patrick.kwok@hkbu.edu.hk,63.0,41.0,52.0,49.8,1,,,,1.0,3.0,1,False,140.0,False,False,
55380723,Betty Yip,betty.yip@outlook.com,68.0,97.0,64.0,81.7,1,2,1,2,4.0,0.0,6,False,19.0,False,False,
56253890,Uma Fu,uma.fu@yahoo.com,47.0,89.0,69.0,72.4,2,0,2,0,4.0,0.0,4,False,53.0,False,False,
56780249,Tony Yau,tony.yau@outlook.com,95.0,48.0,40.0,60.5,1,2,2,,3.0,1.0,5,False,109.0,False,True,post_cutoff_engagement
58124315,Jasmine Yip,jasmine.yip@outlook.com,53.0,89.0,90.0,78.4,0,1,1,1,4.0,0.0,3,False,26.0,False,True,post_cutoff_engagement
58259684,Xenia Wong,xenia.wong@hkbu.edu.hk,37.0,30.0,94.0,44.9,2,1,0,1,4.0,0.0,4,False,153.0,False,False,
58404922,Doris Ho,doris.ho@gmail.com,82.0,94.0,96.0,90.8,2,2,2,0,4.0,0.0,6,True,3.0,False,True,engagement_conflict
58909036,Grace Mak,grace.mak@outlook.com,52.0,40.0,47.0,45.0,2,1,2,,3.0,1.0,5,False,152.0,False,False,
59267400,Vivian Cheung,vivian.cheung@gmail.com,87.0,54.0,85.0,70.1,1,1,1,2,4.0,0.0,5,False,61.0,False,False,
60542016,Liam Mak,liam.mak@gmail.com,58.0,93.0,92.0,82.3,2,2,2,2,4.0,0.0,8,False,18.0,False,True,near_recommendation_boundary
61624794,Patrick Lee,patrick.lee@yahoo.com,67.0,33.0,62.0,49.0,2,2,2,2,4.0,0.0,8,False,143.0,False,False,
61759153,Felix Chow,felix.chow@yahoo.com,45.0,53.0,61.0,52.2,2,1,1,2,4.0,0.0,6,False,133.0,False,False,
61929170,Daniel Choi,daniel.choi@yahoo.com,50.0,59.0,58.0,56.1,1,2,2,1,4.0,0.0,6,False,120.0,False,False,
63339209,Fiona Tam,fiona.tam@hkbu.edu.hk,84.0,54.0,85.0,69.2,1,0,2,1,4.0,0.0,4,False,69.0,False,False,
63638732,Doris Mak,doris.mak@yahoo.com,71.0,74.0,83.0,74.9,2,1,1,1,4.0,0.0,5,False,36.0,False,True,post_cutoff_engagement
63807786,Kenneth Ho,kenneth.ho@hkbu.edu.hk,86.0,50.0,62.0,63.2,0,0,0,0,4.0,0.0,0,False,99.0,False,False,
63941939,,,58.0,57.0,,,0,0,2,,3.0,1.0,2,False,,,True,missing_profile;score_missing_or_incomplete
64720342,Xavier Fu,xavier.fu@yahoo.com,69.0,64.0,86.0,69.9,1,2,2,1,4.0,0.0,6,False,63.0,False,False,
66996412,Victor Tsang,victor.tsang@outlook.com,72.0,81.0,53.0,72.7,0,0,2,1,4.0,0.0,3,False,52.0,False,False,
67472693,Ivan Fung,ivan.fung@yahoo.com,61.0,92.0,40.0,72.3,0,2,2,2,4.0,0.0,6,False,55.0,False,False,
68442511,Tony Yip,tony.yip@yahoo.com,67.0,75.0,96.0,76.8,1,,1,,2.0,2.0,2,False,31.0,False,True,score_conflict
68820438,Olivia Sit,olivia.sit@gmail.com,36.0,79.0,81.0,66.5,1,2,1,2,4.0,0.0,6,False,82.0,False,False,
69624559,Doris Lam,doris.lam@hkbu.edu.hk,78.0,94.0,64.0,83.2,1,2,2,2,4.0,0.0,7,True,15.0,True,True,near_recommendation_boundary;tie_at_cutoff
69986526,Tony Choi,tony.choi@yahoo.com,87.0,52.0,61.0,64.3,0,2,0,1,4.0,0.0,3,False,93.0,False,False,
70551668,Daniel Wong,daniel.wong@hkbu.edu.hk,44.0,55.0,43.0,49.3,1,2,1,1,4.0,0.0,5,False,141.0,False,False,
70672889,Elena Fung,elena.fung@yahoo.com,42.0,49.0,49.0,46.9,2,2,2,0,4.0,0.0,6,False,148.0,False,False,
70759556,Iris Chan,iris.chan@yahoo.com,89.0,48.0,59.0,62.5,2,2,2,2,4.0,0.0,8,False,103.0,False,False,
71713480,Betty Mak,betty.mak@hkbu.edu.hk,36.0,91.0,46.0,65.5,0,1,1,2,4.0,0.0,4,False,86.0,False,False,
71913273,,,52.0,53.0,93.0,60.7,2,2,1,0,4.0,0.0,5,False,,False,True,missing_profile
73214790,Wendy Sit,wendy.sit@outlook.com,45.0,89.0,92.0,76.4,,,,,,,,False,33.0,False,False,
73586801,Kenneth Tsang,kenneth.tsang@hkbu.edu.hk,48.0,91.0,58.0,71.5,2,,,0,2.0,2.0,2,False,56.0,False,False,
73936122,Ryan Cheung,ryan.cheung@outlook.com,70.0,88.0,41.0,73.2,1,1,2,2,4.0,0.0,6,False,47.0,False,False,
74129476,Karen Yuen,karen.yuen@outlook.com,93.0,36.0,97.0,65.3,2,1,2,0,4.0,0.0,5,False,88.0,False,False,
74473990,Grace So,grace.so@outlook.com,65.0,67.0,59.0,64.8,0,2,2,2,4.0,0.0,6,False,91.0,False,False,
74819346,Aaron Leung,aaron.leung@hkbu.edu.hk,38.0,32.0,64.0,40.2,2,2,1,2,4.0,0.0,7,False,157.0,False,False,
75579252,Yuki Yuen,yuki.yuen@gmail.com,79.0,44.0,59.0,57.5,1,2,0,2,4.0,0.0,5,False,118.0,False,False,
75634387,Belinda Yip,belinda.yip@gmail.com,70.0,76.0,51.0,69.2,1,2,1,0,4.0,0.0,4,False,70.0,False,False,
76637342,Raymond Tse,raymond.tse@hkbu.edu.hk,95.0,56.0,54.0,67.3,2,2,2,1,4.0,0.0,7,False,77.0,False,False,
77591665,Patrick Wong,patrick.wong@outlook.com,52.0,96.0,53.0,74.2,,2,,2,2.0,2.0,4,False,40.0,False,False,
77758700,Hugo Fung,hugo.fung@yahoo.com,80.0,94.0,61.0,83.2,1,1,1,2,4.0,0.0,5,False,16.0,True,True,near_recommendation_boundary;tie_at_cutoff
78918142,Uma Choi,uma.choi@hkbu.edu.hk,60.0,87.0,63.0,74.1,1,2,0,2,4.0,0.0,5,False,43.0,False,False,
78951060,,,92.0,61.0,75.0,73.1,2,1,0,2,4.0,0.0,5,False,,False,True,missing_profile
81890664,Peggy Yau,peggy.yau@outlook.com,91.0,47.0,92.0,69.2,2,1,1,1,4.0,0.0,5,False,71.0,False,False,
82117268,Aaron Choi,aaron.choi@outlook.com,81.0,35.0,48.0,51.4,2,2,2,2,4.0,0.0,8,False,135.0,False,False,
83527600,Oscar Chan,oscar.chan@yahoo.com,92.0,59.0,57.0,68.5,2,0,0,0,4.0,0.0,2,False,73.0,False,False,
84821416,Xavier Wong,xavier.wong@hkbu.edu.hk,72.0,95.0,84.0,85.9,0,,1,,2.0,2.0,1,True,9.0,False,False,
86639109,Uma Tsang,uma.tsang@hkbu.edu.hk,46.0,72.0,66.0,63.0,1,2,1,2,4.0,0.0,6,False,101.0,False,False,
87363913,Hugo Choi,hugo.choi@gmail.com,46.0,95.0,83.0,77.9,0,1,2,1,4.0,0.0,4,False,29.0,False,True,post_cutoff_engagement
88569452,Patrick Yau,patrick.yau@gmail.com,79.0,55.0,77.0,66.6,2,2,2,2,4.0,0.0,8,False,80.0,False,False,
88944190,Fiona Yip,fiona.yip@gmail.com,78.0,96.0,98.0,91.0,2,2,1,1,4.0,0.0,6,True,2.0,False,False,
89081413,Mona Kwok,mona.kwok@hkbu.edu.hk,53.0,34.0,76.0,48.1,0,1,1,2,4.0,0.0,4,False,146.0,False,False,
89836227,Ursula Cheung,ursula.cheung@gmail.com,86.0,41.0,47.0,55.7,,,,0,1.0,3.0,0,False,123.0,False,False,
90367810,Alvin Yuen,alvin.yuen@hkbu.edu.hk,61.0,73.0,88.0,72.4,2,2,2,2,4.0,0.0,8,False,54.0,False,False,
90744874,Ryan Wong,ryan.wong@hkbu.edu.hk,44.0,86.0,85.0,73.2,1,1,2,2,4.0,0.0,6,False,48.0,False,False,
91367187,Queenie Sit,queenie.sit@yahoo.com,81.0,45.0,76.0,62.0,2,2,0,2,4.0,0.0,6,False,105.0,False,False,
91731574,Vivian Mak,vivian.mak@gmail.com,73.0,48.0,87.0,63.3,2,1,2,1,4.0,0.0,6,False,98.0,False,False,
93420669,Hugo Ko,hugo.ko@gmail.com,52.0,69.0,100.0,70.1,1,0,2,1,4.0,0.0,4,False,62.0,False,False,
93714657,Hazel Yau,hazel.yau@yahoo.com,54.0,32.0,94.0,51.0,2,2,2,1,4.0,0.0,7,False,139.0,False,False,
93730417,Tom Pang,tom.pang@gmail.com,83.0,80.0,73.0,79.5,1,2,2,1,4.0,0.0,6,False,21.0,False,True,post_cutoff_engagement
94089208,Alvin Ho,alvin.ho@yahoo.com,82.0,89.0,84.0,85.9,2,2,2,2,4.0,0.0,8,True,10.0,False,True,engagement_conflict
94542603,Mona Tsang,mona.tsang@gmail.com,40.0,47.0,50.0,45.5,0,0,0,0,4.0,0.0,0,False,150.0,False,False,
94802359,Olivia Tam,olivia.tam@yahoo.com,55.0,48.0,69.0,54.3,2,1,2,1,4.0,0.0,6,False,127.0,False,False,
95249216,Olivia Choi,olivia.choi@yahoo.com,64.0,52.0,47.0,54.6,2,2,1,2,4.0,0.0,7,False,124.0,False,False,
95680942,Oscar Luk,oscar.luk@outlook.com,67.0,70.0,98.0,74.7,1,1,2,0,4.0,0.0,4,False,38.0,False,False,
95705330,Gary Yau,gary.yau@outlook.com,81.0,59.0,67.0,67.2,2,2,2,2,4.0,0.0,8,False,79.0,False,False,
96072149,Sally Hui,sally.hui@yahoo.com,90.0,69.0,49.0,71.3,2,2,2,2,4.0,0.0,8,False,59.0,False,False,
96569647,Marcus Kwok,marcus.kwok@hkbu.edu.hk,45.0,65.0,88.0,63.6,,,,,,,,False,96.0,False,False,
96845083,Gary Wong,gary.wong@yahoo.com,40.0,55.0,59.0,51.3,2,2,0,2,4.0,0.0,6,False,136.0,False,False,
97112677,Sylvia Chan,sylvia.chan@gmail.com,49.0,98.0,76.0,78.9,1,1,2,,3.0,1.0,4,False,24.0,False,True,post_cutoff_engagement
97411452,Laura Leung,laura.leung@yahoo.com,81.0,65.0,87.0,74.2,0,1,2,1,4.0,0.0,4,False,41.0,False,False,
98446968,,,48.0,50.0,84.0,56.2,2,2,0,,3.0,1.0,4,False,,False,True,missing_profile
98789681,Uma Luk,uma.luk@outlook.com,89.0,41.0,95.0,66.2,2,1,2,1,4.0,0.0,6,False,84.0,False,False,
98857398,Calvin Tse,calvin.tse@yahoo.com,63.0,47.0,61.0,54.6,2,2,1,2,4.0,0.0,7,False,125.0,False,False,
99192406,Xavier Ko,xavier.ko@gmail.com,81.0,65.0,49.0,66.6,2,2,2,2,4.0,0.0,8,False,81.0,False,False,
99393038,Karen Ho,karen.ho@outlook.com,70.0,31.0,89.0,54.3,2,1,2,1,4.0,0.0,6,False,128.0,False,False,
99453864,Laura Ho,laura.ho@gmail.com,44.0,91.0,81.0,74.9,0,2,2,1,4.0,0.0,5,False,37.0,False,True,post_cutoff_engagement
99725305,Chloe Choi,chloe.choi@gmail.com,39.0,72.0,68.0,61.3,,2,1,,2.0,2.0,3,False,106.0,False,False,
