student_id,midterm,final,project
19949173,94,92,94
88944190,78,96,98
58404922,82,94,96
 30026969,89,97,74 
20308195,86,87,100
45710390,87,86,98
10833913,90,91,73
10398551,91,82,90
84821416,72,95,84
94089208,82,89,84
60542016,N/A,93,92
54622090,70,95,84
52269071,93,75,96
37560471,90,88,63
42059446,83,89,71
69624559,78,94,64
77758700,80,94,61
17979381,90,85,65
60542016,58,93,92
55380723,68,97,64
32917636,79,94,54
93730417,83,80,73
47792143,64,88,81
68442511,67,80,96
32179351,92,75,69
97112677,49,98,76
43033616,39,missing,81
16816512,74,94,47
58124315,53,89,90
29194481,82,80,67
32987398,42,91,99
87363913,46,95,83
32470131,79,82,65

04770215,67,89,59
73214790,45,89,92
38194753,43,98,71
34340333,89,74,59
63638732,71,74,83
99453864,44,91,81
95680942,67,70,98
43033616,39,93,81
77591665,52,96,53
97411452,81,65,87
11616494,89,63,
48322271,65,78,78
78918142,60,87,63
15476316,41,93,76
36639446,56,94,50
25556942,35,90,91
73936122,70,88,41
90744874,44,86,85
15987238,80,67,78
78951060,92,61,75
12943907,58,79,80
44285581,80,62,89
66996412,72,81,53
56253890,47,89,69
90367810,61,73,88
67472693,61,92,40
32068497,88,65,64
73586801,48,91,58
45778904,abc,45,97
24855469,53,79,80
27862666,45,84,79
96072149,90,69,49
11616494,89,63,60
59267400,87,54,85
93420669,52,69,100
64720342,69,64,86
53058319,95,63,48

49971191,70,71,65
25515684,37,96,51
32371039,42,82,78
36501251,81,57,82
63339209,84,54,85
75634387,70,76,51
81890664,91,47,92
48833471,63,82,44
83527600,92,59,57
11589711,42,78,84
49422007,91,59,57
19800330,36,83,77
76637342,95,56,54
17947782,56,64,92
95705330,81,59,67
88569452,79,55,77
99192406,81,65,49
68820438,36,79,81
50968345,82,44,99
98789681,89,41,95
52281345,42,79,67
58124315,104,89,90
71713480,36,91,46
45778904,78,45,97
74129476,93,36,97
39369847,55,77,50
42276139,55,59,95
74473990,65,67,59
68442511,74,75,99
27225353,75,56,71
69986526,87,52,61
33634232,64,51,95
04553331,59,65,67
96569647,45,65,88
48551508,67,55,79
19212221,71,50,85
91731574,73,48,87
66996412,72,-5,53
63807786,86,50,62
86639109,46,72,66
50426379,80,53,62
70759556,89,48,59
40157925,39,68,83
student_id,midterm,final,project
91367187,81,45,76
99725305,39,72,68
16715597,50,63,71
71913273,52,53,93
56780249,95,48,40
29964670,88,37,77
31767877,40,74,49
48702037,73,55,47
54542094,60,43,94
11622026,74,43,72
27225353,999,56,71
21664664,63,41,93
51855024,62,49,73
37859286,62,47,77
32068497,79,54,62
75579252,79,44,59
63941939,58,57,??
98446968,48,50,84,x
27136102,94,35,52
61929170,50,59,58
30831468,82,45,44
53121425,66,51,52
89836227,86,41,47
95249216,64,52,47
98857398,63,47,61
10287235,46,42,98
94802359,55,48,69
99393038,70,31,89
98857398,63,47,101
18421581,61,55,40
41276721,79,42,42
18510296,71,31,79
21782591,58,43,67
61759153,45,53,61
11829965,67,44,48
82117268,81,35,48
96845083,40,55,59
51583008,44,36,100
student_id,midterm,final,project
47222037,73,33,63
93714657,54,32,94
54763817,63,41,52
77758700,80,94
70551668,44,55,43
19212221,78,45,88
27902964,73,31,59
61624794,67,33,62
38730680,45,45,64
53459645,59,39,55
75634387,70,76,51,retake
89081413,53,34,76
32083061,62,31,68
70672889,42,49,49
12088214,64,36,42
94542603,40,47,50
11622026,74,43,72,late
10278833,42,42,59
58909036,52,40,47
58259684,37,30,94
14037118,37,34,81
39316784,46,32,67
48628200,42,34,59
74819346,38,32,64
32686366,41,31,47



